EVENT_ID,CZ_NAME_STR,BEGIN_LOCATION,BEGIN_DATE,BEGIN_TIME,EVENT_TYPE,MAGNITUDE,TOR_F_SCALE,DEATHS_DIRECT,INJURIES_DIRECT,DAMAGE_PROPERTY_NUM,DAMAGE_CROPS_NUM,STATE_ABBR,CZ_TIMEZONE,MAGNITUDE_TYPE,EPISODE_ID,CZ_TYPE,CZ_FIPS,WFO,INJURIES_INDIRECT,DEATHS_INDIRECT,SOURCE,FLOOD_CAUSE,TOR_LENGTH,TOR_WIDTH,BEGIN_RANGE,BEGIN_AZIMUTH,END_RANGE,END_AZIMUTH,END_LOCATION,BEGIN_LAT,BEGIN_LON,END_LAT,END_LON,ABSOLUTE_ROWNUMBER
50816,WASHTENAW CO.,DEXTER,07/19/2007,1430,Thunderstorm Wind,61.00, ,0,0,3000,0,MI,EST-5,EG,8908,C,161,DTX,0,0,Public, , , ,6,N,6,N,DEXTER,42.4167,-83.87,42.4167,-83.87,1
50813,WASHTENAW CO.,DEXTER,07/19/2007,1435,Thunderstorm Wind,56.00, ,0,0,0,0,MI,EST-5,EG,8908,C,161,DTX,0,0,Emergency Manager, , , ,4,N,4,N,DEXTER,42.3878,-83.87,42.3878,-83.87,2
50818,WASHTENAW CO.,WHITMORE LAKE,07/19/2007,1440,Thunderstorm Wind,65.00, ,0,0,25000,0,MI,EST-5,EG,8908,C,161,DTX,0,0,Emergency Manager, , , ,0,N,0,N,WHITMORE LAKE,42.42,-83.75,42.42,-83.75,3
50810,WASHTENAW CO.,SALEM,07/19/2007,1445,Thunderstorm Wind,58.00, ,0,0,0,0,MI,EST-5,EG,8908,C,161,DTX,0,0,Emergency Manager, , , ,0,N,0,N,SALEM,42.4,-83.57,42.4,-83.57,4
50890,WASHTENAW CO.,SALINE,07/26/2007,2118,Hail,1.50, ,0,0,0,0,MI,EST-5, ,8928,C,161,DTX,0,0,Trained Spotter, , , ,4,N,4,N,SALINE,42.2278,-83.77,42.2278,-83.77,5
50896,WASHTENAW CO.,SALINE,07/26/2007,2118,Thunderstorm Wind,52.00, ,0,0,0,0,MI,EST-5,EG,8928,C,161,DTX,0,0,Trained Spotter, , , ,4,W,4,W,SALINE,42.17,-83.848,42.17,-83.848,6
50891,WASHTENAW CO.,SALINE,07/26/2007,2120,Hail,0.88, ,0,0,0,0,MI,EST-5, ,8928,C,161,DTX,0,0,Law Enforcement, , , ,1,NW,1,NW,SALINE,42.1788,-83.7819,42.1788,-83.7819,7
50897,WASHTENAW CO.,SALINE,07/26/2007,2135,Thunderstorm Wind,52.00, ,0,0,0,0,MI,EST-5,EG,8928,C,161,DTX,0,0,Law Enforcement, , , ,7,E,7,E,SALINE,42.17,-83.6335,42.17,-83.6335,8
50934,WASHTENAW CO.,MILAN,07/26/2007,2135,Thunderstorm Wind,52.00, ,0,0,0,0,MI,EST-5,EG,8928,C,161,DTX,0,0,Trained Spotter, , , ,5,NE,5,NE,MILAN,42.1311,-83.6011,42.1311,-83.6011,9
50892,WASHTENAW CO.,WHITTAKER,07/26/2007,2135,Hail,0.75, ,0,0,0,0,MI,EST-5, ,8928,C,161,DTX,0,0,Amateur Radio, , , ,1,NW,1,NW,WHITTAKER,42.1388,-83.6119,42.1388,-83.6119,10
50893,WASHTENAW CO.,WHITTAKER,07/26/2007,2143,Hail,0.75, ,0,0,0,0,MI,EST-5, ,8928,C,161,DTX,0,0,Trained Spotter, , , ,1,N,1,N,WHITTAKER,42.14,-83.6,42.14,-83.6,11
53221,WASHTENAW CO.,CHELSEA,08/07/2007,1921,Thunderstorm Wind,55.00, ,0,0,0,0,MI,EST-5,EG,9459,C,161,DTX,0,0,Trained Spotter, , , ,0,S,0,S,CHELSEA,42.32,-84.02,42.32,-84.02,12
53222,WASHTENAW CO.,CHELSEA,08/07/2007,1923,Thunderstorm Wind,55.00, ,0,0,0,0,MI,EST-5,EG,9459,C,161,DTX,0,0,Law Enforcement, , , ,0,S,0,S,CHELSEA,42.32,-84.02,42.32,-84.02,13
53223,WASHTENAW CO.,CHELSEA,08/07/2007,1932,Thunderstorm Wind,52.00, ,0,0,0,0,MI,EST-5,EG,9459,C,161,DTX,0,0,Trained Spotter, , , ,2,E,2,E,CHELSEA,42.32,-83.9809,42.32,-83.9809,14
53315,WASHTENAW CO.,ANN ARBOR,08/23/2007,1908,Thunderstorm Wind,52.00, ,0,0,0,0,MI,EST-5,EG,9464,C,161,DTX,0,0,Trained Spotter, , , ,1,W,1,W,ANN ARBOR,42.28,-83.7495,42.28,-83.7495,15
53304,WASHTENAW CO.,SALEM,08/23/2007,1929,Thunderstorm Wind,54.00, ,0,0,0,0,MI,EST-5,EG,9464,C,161,DTX,0,0,Public, , , ,0,NW,0,NW,SALEM,42.4,-83.57,42.4,-83.57,16
59149,WASHTENAW CO.,CHELSEA,08/24/2007,1630,Thunderstorm Wind,57.00, ,0,0,25000,0,MI,EST-5,EG,10150,C,161,DTX,0,0,Newspaper, , , ,5,N,5,N,CHELSEA,42.3851,-84.02,42.3851,-84.02,17
58000,WASHTENAW CO.,SALEM,08/24/2007,1702,Tornado, ,EF0,0,0,500000,0,MI,EST-5, ,10150,C,161,DTX,0,0,NWS Storm Survey, ,2.47,50,2,WNW,2,N,SALEM,42.4133,-83.6134,42.4289,-83.57,18
57112,WASHTENAW CO.,SALEM,08/29/2007,1740,Thunderstorm Wind,56.00, ,0,0,0,0,MI,EST-5,EG,10277,C,161,DTX,0,0,Law Enforcement, , , ,2,N,2,N,SALEM,42.4289,-83.57,42.4289,-83.57,19
73233,WASHTENAW (ZONE), ,12/11/2007,900,Winter Weather, , ,0,0,0,0,MI,EST-5, ,13196,Z,75,DTX,0,1,Newspaper, , , , , , , , , , , , ,20
73122,WASHTENAW (ZONE), ,12/16/2007,0,Winter Storm, , ,0,0,0,0,MI,EST-5, ,13002,Z,75,DTX,0,0,Trained Spotter, , , , , , , , , , , , ,21
72464,WASHTENAW (ZONE), ,12/23/2007,700,High Wind,50.00, ,0,0,35000,0,MI,EST-5,EG,12701,Z,75,DTX,0,0,Newspaper, , , , , , , , , , , , ,22
73521,WASHTENAW (ZONE), ,01/01/2008,0,Winter Storm, , ,0,0,0,0,MI,EST-5, ,13236,Z,75,DTX,0,0,Trained Spotter, , , , , , , , , , , , ,23
75280,WASHTENAW CO.,ANN ARBOR,01/07/2008,2240,Thunderstorm Wind,52.00, ,0,0,0,0,MI,EST-5,EG,13506,C,161,DTX,0,0,Trained Spotter, , , ,0,N,0,N,ANN ARBOR,42.28,-83.73,42.28,-83.73,24
75276,WASHTENAW CO.,SALEM,01/07/2008,2254,Thunderstorm Wind,56.00, ,0,0,8000,0,MI,EST-5,EG,13506,C,161,DTX,0,0,Law Enforcement, , , ,1,NW,1,NW,SALEM,42.41,-83.58,42.41,-83.58,25
79252,WASHTENAW (ZONE), ,02/01/2008,100,Heavy Snow, , ,0,0,0,0,MI,EST-5, ,14105,Z,75,DTX,0,0,Trained Spotter, , , , , , , , , , , , ,26
79280,WASHTENAW (ZONE), ,02/06/2008,1100,Winter Storm, , ,0,0,0,0,MI,EST-5, ,14116,Z,75,DTX,0,0,Trained Spotter, , , , , , , , , , , , ,27
79285,WASHTENAW (ZONE), ,02/12/2008,1400,Heavy Snow, , ,0,0,0,0,MI,EST-5, ,14118,Z,75,DTX,0,0,Trained Spotter, , , , , , , , , , , , ,28
79372,WASHTENAW (ZONE), ,02/29/2008,500,Heavy Snow, , ,0,0,0,0,MI,EST-5, ,14132,Z,75,DTX,0,0,Trained Spotter, , , , , , , , , , , , ,29
86736,WASHTENAW (ZONE), ,03/04/2008,1600,Heavy Snow, , ,0,0,0,0,MI,EST-5, ,15248,Z,75,DTX,0,0,Trained Spotter, , , , , , , , , , , , ,30
90164,WASHTENAW (ZONE), ,03/21/2008,800,Heavy Snow, , ,0,0,0,0,MI,EST-5, ,15743,Z,75,DTX,0,0,Trained Spotter, , , , , , , , , , , , ,31
95768,WASHTENAW CO.,DOVER,05/17/2008,1815,Thunderstorm Wind,52.00, ,0,0,0,0,MI,EST-5,EG,16598,C,161,DTX,0,0,Trained Spotter, , , ,1,E,1,E,DOVER,42.4,-83.88,42.4,-83.88,32
95772,WASHTENAW CO.,SALEM,05/17/2008,1830,Thunderstorm Wind,52.00, ,0,0,0,0,MI,EST-5,EG,16598,C,161,DTX,0,0,Trained Spotter, , , ,1,NW,1,NW,SALEM,42.41,-83.58,42.41,-83.58,33
110656,WASHTENAW CO.,HUDSON MILLS,06/08/2008,1546,Thunderstorm Wind,56.00, ,0,0,10000,0,MI,EST-5,EG,18794,C,161,DTX,0,0,Trained Spotter, , , ,2,SSE,2,SSE,HUDSON MILLS,42.35,-83.91,42.35,-83.91,34
110587,WASHTENAW CO.,HUDSON MILLS,06/08/2008,1559,Thunderstorm Wind,54.00, ,0,0,10000,0,MI,EST-5,EG,18794,C,161,DTX,0,0,Public, , , ,1,N,1,N,HUDSON MILLS,42.39,-83.92,42.39,-83.92,35
110663,WASHTENAW CO.,ANN ARBOR YOUNG ARPT,06/08/2008,1600,Thunderstorm Wind,56.00, ,0,0,20000,0,MI,EST-5,EG,18794,C,161,DTX,0,0,Trained Spotter, , , ,3,SE,3,SE,ANN ARBOR YOUNG ARPT,42.27,-83.84,42.27,-83.84,36
110678,WASHTENAW CO.,MANCHESTER,06/08/2008,1602,Thunderstorm Wind,54.00, ,0,0,5000,0,MI,EST-5,EG,18794,C,161,DTX,0,0,Trained Spotter, , , ,1,W,1,W,MANCHESTER,42.15,-84.04,42.15,-84.04,37
110635,WASHTENAW CO.,GEDDES,06/08/2008,1612,Thunderstorm Wind,52.00, ,0,0,0,0,MI,EST-5,MG,18794,C,161,DTX,0,0,Emergency Manager, , , ,1,SSW,1,SSW,GEDDES,42.25,-83.68,42.25,-83.68,38
110683,WASHTENAW CO.,SALEM,06/08/2008,1612,Thunderstorm Wind,52.00, ,0,0,5000,0,MI,EST-5,EG,18794,C,161,DTX,0,0,Trained Spotter, , , ,1,NW,1,NW,SALEM,42.41,-83.58,42.41,-83.58,39
110703,WASHTENAW CO.,PITTSFIELD,06/08/2008,1617,Thunderstorm Wind,56.00, ,0,0,7000,0,MI,EST-5,EG,18794,C,161,DTX,0,0,Trained Spotter, , , ,2,E,2,E,PITTSFIELD,42.2,-83.69,42.2,-83.69,40
110637,WASHTENAW CO.,YPSILANTI,06/08/2008,1620,Thunderstorm Wind,50.00, ,0,0,0,0,MI,EST-5,MG,18794,C,161,DTX,0,0,ASOS, , , ,1,N,1,N,YPSILANTI,42.24,-83.62,42.24,-83.62,41
110320,WASHTENAW CO.,MILAN,06/09/2008,1912,Thunderstorm Wind,52.00, ,0,0,0,0,MI,EST-5,EG,18770,C,161,DTX,0,0,Trained Spotter, , , ,3,NE,3,NE,MILAN,42.1107,-83.6286,42.1107,-83.6286,42
118913,WASHTENAW CO.,HUDSON MILLS,06/13/2008,520,Thunderstorm Wind,54.00, ,0,0,5000,0,MI,EST-5,EG,19957,C,161,DTX,0,0,Emergency Manager, , , ,1,SW,1,SW,HUDSON MILLS,42.37,-83.94,42.37,-83.94,43
118911,WASHTENAW CO.,SALEM,06/13/2008,614,Hail,0.88, ,0,0,0,0,MI,EST-5, ,19957,C,161,DTX,0,0,Trained Spotter, , , ,1,NW,1,NW,SALEM,42.41,-83.58,42.41,-83.58,44
118892,WASHTENAW CO.,SALEM,06/15/2008,1230,Thunderstorm Wind,52.00, ,0,0,0,0,MI,EST-5,EG,19956,C,161,DTX,0,0,Public, , , ,1,NW,1,NW,SALEM,42.41,-83.58,42.41,-83.58,45
118867,WASHTENAW CO.,LYNDON CENTER,06/21/2008,1349,Hail,0.75, ,0,0,0,0,MI,EST-5, ,19954,C,161,DTX,0,0,Trained Spotter, , , ,3,ESE,3,ESE,LYNDON CENTER,42.37,-84.02,42.37,-84.02,46
118931,WASHTENAW CO.,CHELSEA,06/26/2008,1524,Thunderstorm Wind,52.00, ,0,0,0,0,MI,EST-5,MG,19960,C,161,DTX,0,0,Trained Spotter, , , ,1,S,1,S,CHELSEA,42.31,-84.02,42.31,-84.02,47
118932,WASHTENAW CO.,SALEM,06/26/2008,1545,Thunderstorm Wind,53.00, ,0,0,0,0,MI,EST-5,EG,19960,C,161,DTX,0,0,Trained Spotter, , , ,1,NW,1,NW,SALEM,42.41,-83.58,42.41,-83.58,48
129535,WASHTENAW CO.,LYNDON CENTER,07/02/2008,1743,Thunderstorm Wind,52.00, ,0,0,2000,0,MI,EST-5,EG,21941,C,161,DTX,0,0,Trained Spotter, , , ,3,SW,3,SW,LYNDON CENTER,42.35,-84.13,42.35,-84.13,49
129529,WASHTENAW CO.,DEXTER,07/02/2008,1800,Thunderstorm Wind,65.00, ,0,0,25000,0,MI,EST-5,MG,21941,C,161,DTX,0,0,Trained Spotter, , , ,3,WNW,3,WNW,DEXTER,42.34,-83.92,42.34,-83.92,50
129531,WASHTENAW CO.,DEXTER,07/02/2008,1800,Thunderstorm Wind,52.00, ,0,0,0,0,MI,EST-5,EG,21941,C,161,DTX,0,0,Trained Spotter, , , ,0,N,0,N,DEXTER,42.33,-83.87,42.33,-83.87,51
129521,WASHTENAW CO.,LIMA,07/02/2008,1804,Thunderstorm Wind,52.00, ,0,0,5000,0,MI,EST-5,EG,21941,C,161,DTX,0,0,Trained Spotter, , , ,2,ENE,2,ENE,LIMA,42.31,-83.92,42.31,-83.92,52
129530,WASHTENAW CO.,ANN ARBOR,07/02/2008,1837,Thunderstorm Wind,50.00, ,0,0,0,0,MI,EST-5,MG,21941,C,161,DTX,0,0,ASOS, , , ,0,N,0,N,ANN ARBOR,42.28,-83.73,42.28,-83.73,53
129616,WASHTENAW CO.,SALEM,07/21/2008,1450,Thunderstorm Wind,52.00, ,0,0,3000,0,MI,EST-5,EG,21958,C,161,DTX,0,0,Fire Department/Rescue, , , ,1,NW,1,NW,SALEM,42.41,-83.58,42.41,-83.58,54
131296,WASHTENAW CO.,WILLOW RUN,08/07/2008,1732,Hail,0.75, ,0,0,0,0,MI,EST-5, ,22335,C,161,DTX,0,0,Trained Spotter, , , ,2,NNE,2,NNE,WILLOW RUN,42.28,-83.55,42.28,-83.55,55
133431,WASHTENAW CO.,DEXTER,09/03/2008,1420,Lightning, , ,0,0,21000,0,MI,EST-5, ,22755,C,161,DTX,0,0,Newspaper, , , ,1,WNW,1,WNW,DEXTER,42.3388,-83.8895,42.3388,-83.8895,56
133289,WASHTENAW CO.,MANCHESTER,09/14/2008,1400,Flood, , ,0,0,200000,0,MI,EST-5, ,22721,C,161,DTX,0,0,Trained Spotter,Heavy Rain, , ,0,N,0,NW,WHITTAKER,42.15,-84.03,42.13,-83.6,57
145390,WASHTENAW (ZONE), ,12/19/2008,400,Winter Storm, , ,0,0,0,0,MI,EST-5, ,24970,Z,75,DTX,0,0,Trained Spotter, , , , , , , , , , , , ,58
145942,WASHTENAW (ZONE), ,12/21/2008,2000,Cold/Wind Chill, , ,0,0,0,0,MI,EST-5, ,25026,Z,75,DTX,0,0,ASOS, , , , , , , , , , , , ,59
145961,WASHTENAW (ZONE), ,12/28/2008,400,High Wind,56.00, ,0,0,3000000,0,MI,EST-5,EG,25027,Z,75,DTX,0,0,Trained Spotter, , , , , , , , , , , , ,60
149383,WASHTENAW (ZONE), ,01/09/2009,1600,Winter Storm, , ,0,0,0,0,MI,EST-5, ,25568,Z,75,DTX,0,0,Trained Spotter, , , , , , , , , , , , ,61
149787,WASHTENAW (ZONE), ,01/14/2009,2000,Extreme Cold/Wind Chill, , ,0,0,0,0,MI,EST-5, ,25643,Z,75,DTX,0,0,ASOS, , , , , , , , , , , , ,62
158557,WASHTENAW (ZONE), ,04/05/2009,1000,Winter Storm, , ,0,0,0,0,MI,EST-5, ,27034,Z,75,DTX,0,0,Trained Spotter, , , , , , , , , , , , ,63
162354,WASHTENAW CO.,LYNDON CENTER,04/25/2009,1230,Thunderstorm Wind,50.00, ,0,0,0,0,MI,EST-5,EG,27647,C,161,DTX,0,0,Trained Spotter, , , ,1,SW,1,SW,LYNDON CENTER,42.37,-84.09,42.37,-84.09,64
162386,WASHTENAW CO.,YPSILANTI,04/25/2009,1753,Thunderstorm Wind,51.00, ,0,0,0,0,MI,EST-5,EG,27647,C,161,DTX,0,0,ASOS, , , ,1,N,1,N,YPSILANTI,42.24,-83.62,42.24,-83.62,65
182340,WASHTENAW CO.,GEDDES,06/19/2009,2300,Flash Flood, , ,0,0,0,0,MI,EST-5, ,31091,C,161,DTX,0,0,Law Enforcement,Heavy Rain, , ,2,S,2,NNW,DIXBORO,42.2397,-83.665,42.3484,-83.6623,66
169454,WASHTENAW CO.,CHELSEA,06/25/2009,1518,Hail,1.00, ,0,0,0,0,MI,EST-5, ,28815,C,161,DTX,0,0,Trained Spotter, , , ,1,S,1,S,CHELSEA,42.31,-84.02,42.31,-84.02,67
169455,WASHTENAW CO.,CHELSEA,06/25/2009,1537,Hail,0.75, ,0,0,0,0,MI,EST-5, ,28815,C,161,DTX,0,0,Trained Spotter, , , ,1,N,1,N,CHELSEA,42.3345,-84.02,42.3345,-84.02,68
182218,WASHTENAW CO.,ANN ARBOR YOUNG ARPT,06/25/2009,1600,Flash Flood, , ,0,0,0,0,MI,EST-5, ,28815,C,161,DTX,0,0,Trained Spotter,Heavy Rain, , ,1,S,1,SW,SCIO,42.2902,-83.8692,42.3093,-83.8446,69
169507,WASHTENAW CO.,DEXTER,06/25/2009,1608,Thunderstorm Wind,56.00, ,0,0,25000,0,MI,EST-5,EG,28815,C,161,DTX,0,0,Trained Spotter, , , ,1,W,1,W,DEXTER,42.33,-83.88,42.33,-83.88,70
196439,WASHTENAW (ZONE), ,10/07/2009,0,High Wind,50.00, ,0,0,100000,0,MI,EST-5,EG,33919,Z,75,DTX,0,0,Broadcast Media, , , , , , , , , , , , ,71
204485,WASHTENAW (ZONE), ,12/09/2009,1200,High Wind,52.00, ,0,0,100000,0,MI,EST-5,EG,35377,Z,75,DTX,0,0,Broadcast Media, , , , , , , , , , , , ,72
213966,WASHTENAW (ZONE), ,02/09/2010,1600,Heavy Snow, , ,0,0,0,0,MI,EST-5, ,36809,Z,75,DTX,0,0,Trained Spotter, , , , , , , , , , , , ,73
217338,WASHTENAW (ZONE), ,02/22/2010,0,Heavy Snow, , ,0,0,0,0,MI,EST-5, ,37364,Z,75,DTX,0,0,Trained Spotter, , , , , , , , , , , , ,74
243498,WASHTENAW CO.,GUTHRIE,06/04/2010,1935,Thunderstorm Wind,50.00, ,0,0,0,0,MI,EST-5,EG,39494,C,161,DTX,0,0,Trained Spotter, , , ,3,NW,3,NW,GUTHRIE,42.33,-84.12,42.33,-84.12,75
243506,WASHTENAW CO.,DELHI MILLS,06/05/2010,2343,Flash Flood, , ,0,0,0,0,MI,EST-5, ,38573,C,161,DTX,0,0,Trained Spotter,Heavy Rain, , ,2,ENE,1,NW,ANN ARBOR,42.3421,-83.7601,42.29,-83.7467,76
243508,WASHTENAW CO.,WILLOW RUN,06/05/2010,2347,Thunderstorm Wind,52.00, ,0,0,0,0,MI,EST-5,EG,38573,C,161,DTX,0,0,Trained Spotter, , , ,1,NNE,1,NNE,WILLOW RUN,42.27,-83.56,42.27,-83.56,77
243509,WASHTENAW CO.,YPSILANTI MCENNAN FL,06/05/2010,2347,Thunderstorm Wind,52.00, ,0,0,0,0,MI,EST-5,EG,38573,C,161,DTX,0,0,Trained Spotter, , , ,1,NE,1,NE,YPSILANTI MCENNAN FL,42.21,-83.61,42.21,-83.61,78
243510,WASHTENAW CO.,RAWSONVILLE,06/05/2010,2350,Thunderstorm Wind,50.00, ,0,0,0,0,MI,EST-5,EG,38573,C,161,DTX,0,0,Trained Spotter, , , ,1,S,1,S,RAWSONVILLE,42.2,-83.55,42.2,-83.55,79
244098,WASHTENAW CO.,SYLVAN,06/18/2010,2010,Thunderstorm Wind,50.00, ,0,0,0,0,MI,EST-5,EG,41784,C,161,DTX,0,0,Trained Spotter, , , ,3,ESE,3,ESE,SYLVAN,42.27,-84.02,42.27,-84.02,80
244100,WASHTENAW CO.,DEXTER,06/18/2010,2020,Thunderstorm Wind,52.00, ,0,0,25000,0,MI,EST-5,EG,41784,C,161,DTX,0,1,Law Enforcement, , , ,1,W,1,W,DEXTER,42.33,-83.88,42.33,-83.88,81
244115,WASHTENAW CO.,GEDDES,06/18/2010,2025,Thunderstorm Wind,56.00, ,0,0,0,0,MI,EST-5,MG,41784,C,161,DTX,0,0,Emergency Manager, , , ,1,SSW,1,SSW,GEDDES,42.25,-83.68,42.25,-83.68,82
244095,WASHTENAW CO.,LIMA,06/18/2010,2030,Lightning, , ,0,0,25000,0,MI,EST-5, ,41784,C,161,DTX,0,0,Law Enforcement, , , ,2,E,2,E,LIMA,42.3,-83.92,42.3,-83.92,83
245224,WASHTENAW CO.,MANCHESTER,06/23/2010,2026,Thunderstorm Wind,52.00, ,0,0,0,0,MI,EST-5,EG,39070,C,161,DTX,0,0,NWS Storm Survey, , , ,2,ENE,2,ENE,MANCHESTER,42.16,-84,42.16,-84,84
245226,WASHTENAW CO.,BENTON,06/23/2010,2045,Thunderstorm Wind,52.00, ,0,0,0,0,MI,EST-5,EG,39070,C,161,DTX,0,0,NWS Storm Survey, , , ,4,SW,4,SW,BENTON,42.0806,-83.91,42.0806,-83.91,85
228969,WASHTENAW CO.,YORK,06/23/2010,2052,Tornado, ,EF0,0,0,75000,0,MI,EST-5, ,39070,C,161,DTX,0,0,NWS Storm Survey, ,3.7,75,3,NNW,3,W,STONY CREEK,42.1346,-83.7483,42.1489,-83.6787,86
245228,WASHTENAW CO.,PAINT CREEK,06/23/2010,2108,Thunderstorm Wind,63.00, ,0,0,0,0,MI,EST-5,MG,39070,C,161,DTX,0,0,Trained Spotter, , , ,1,NW,1,NW,PAINT CREEK,42.16,-83.6,42.16,-83.6,87
245229,WASHTENAW CO.,WHITTAKER,06/23/2010,2110,Thunderstorm Wind,50.00, ,0,0,0,0,MI,EST-5,MG,39070,C,161,DTX,0,0,Trained Spotter, , , ,1,E,1,E,WHITTAKER,42.13,-83.58,42.13,-83.58,88
245230,WASHTENAW CO.,WILLIS,06/23/2010,2112,Thunderstorm Wind,52.00, ,0,0,0,0,MI,EST-5,EG,39070,C,161,DTX,0,0,Trained Spotter, , , ,1,NE,1,NE,WILLIS,42.16,-83.54,42.16,-83.54,89
227934,WASHTENAW CO.,SALINE,06/27/2010,1249,Thunderstorm Wind,52.00, ,0,0,0,0,MI,EST-5,EG,39203,C,161,DTX,0,0,Trained Spotter, , , ,2,WNW,2,WNW,SALINE,42.18,-83.8,42.18,-83.8,90
227932,WASHTENAW CO.,YPSILANTI,06/27/2010,1305,Hail,0.75, ,0,0,0,0,MI,EST-5, ,39203,C,161,DTX,0,0,Trained Spotter, , , ,1,N,1,N,YPSILANTI,42.24,-83.62,42.24,-83.62,91
250262,WASHTENAW (ZONE), ,07/04/2010,1700,Heat, , ,0,0,0,0,MI,EST-5, ,42874,Z,75,DTX,0,0,Newspaper, , , , , , , , , , , , ,92
249712,WASHTENAW CO.,GEDDES,07/11/2010,2207,Thunderstorm Wind,52.00, ,0,0,0,0,MI,EST-5,EG,42846,C,161,DTX,0,0,Trained Spotter, , , ,1,SE,1,SE,GEDDES,42.26,-83.65,42.26,-83.65,93
253190,WASHTENAW CO.,(ARB)ANN ARBOR MUNI,07/15/2010,1710,Thunderstorm Wind,51.00, ,0,0,0,0,MI,EST-5,MG,42864,C,161,DTX,0,0,ASOS, , , ,0,N,0,N,(ARB)ANN ARBOR MUNI,42.22,-83.75,42.22,-83.75,94
253272,WASHTENAW CO.,HUDSON MILLS,07/23/2010,1652,Hail,0.75, ,0,0,0,0,MI,EST-5, ,43501,C,161,DTX,0,0,Law Enforcement, , , ,2,WNW,2,WNW,HUDSON MILLS,42.39,-83.96,42.39,-83.96,95
253281,WASHTENAW CO.,ANN ARBOR YOUNG ARPT,07/23/2010,1703,Thunderstorm Wind,56.00, ,0,0,10000,0,MI,EST-5,EG,43501,C,161,DTX,0,0,Law Enforcement, , , ,1,S,1,S,ANN ARBOR YOUNG ARPT,42.29,-83.87,42.29,-83.87,96
253290,WASHTENAW CO.,CHELSEA,07/23/2010,1712,Thunderstorm Wind,52.00, ,0,0,0,0,MI,EST-5,EG,43501,C,161,DTX,0,0,Trained Spotter, , , ,1,SSE,1,SSE,CHELSEA,42.3,-84.01,42.3,-84.01,97
253291,WASHTENAW CO.,PITTSFIELD,07/23/2010,1720,Thunderstorm Wind,52.00, ,0,0,0,0,MI,EST-5,MG,43501,C,161,DTX,0,0,Trained Spotter, , , ,3,SSE,3,SSE,PITTSFIELD,42.16,-83.7,42.16,-83.7,98
253282,WASHTENAW CO.,SALINE,07/23/2010,1722,Thunderstorm Wind,56.00, ,0,0,15000,0,MI,EST-5,EG,43501,C,161,DTX,0,0,Trained Spotter, , , ,1,NW,1,NW,SALINE,42.18,-83.78,42.18,-83.78,99
253303,WASHTENAW CO.,WHITTAKER,07/23/2010,1730,Thunderstorm Wind,71.00, ,0,0,0,0,MI,EST-5,MG,43501,C,161,DTX,0,0,Amateur Radio, , , ,1,N,1,N,WHITTAKER,42.14,-83.6,42.14,-83.6,100
253278,WASHTENAW CO.,STONY CREEK,07/23/2010,1733,Tornado, ,EF0,0,0,20000,0,MI,EST-5, ,43501,C,161,DTX,0,0,NWS Storm Survey, ,0.61,100,1,ESE,1,N,WHITTAKER,42.1431,-83.6136,42.143,-83.6016,101
253293,WASHTENAW CO.,WILLOW RUN,07/23/2010,1735,Thunderstorm Wind,54.00, ,0,0,0,0,MI,EST-5,MG,43501,C,161,DTX,0,0,ASOS, , , ,1,ESE,1,ESE,WILLOW RUN,42.2405,-83.5485,42.2405,-83.5485,102
253283,WASHTENAW CO.,SALINE,07/23/2010,1737,Thunderstorm Wind,54.00, ,0,0,0,0,MI,EST-5,EG,43501,C,161,DTX,0,0,Trained Spotter, , , ,3,NW,3,NW,SALINE,42.2,-83.8,42.2,-83.8,103
253360,WASHTENAW CO.,WILLOW RUN,07/28/2010,1420,Thunderstorm Wind,56.00, ,0,0,50000,0,MI,EST-5,EG,43512,C,161,DTX,0,0,Fire Department/Rescue, , , ,1,W,1,W,WILLOW RUN,42.25,-83.58,42.25,-83.58,104
253367,WASHTENAW CO.,EASTLAWN,07/28/2010,1425,Thunderstorm Wind,52.00, ,0,0,0,0,MI,EST-5,EG,43512,C,161,DTX,0,0,Trained Spotter, , , ,1,E,1,E,EASTLAWN,42.23,-83.57,42.23,-83.57,105
253372,WASHTENAW CO.,WILLOW RUN,07/28/2010,1425,Thunderstorm Wind,52.00, ,0,0,0,0,MI,EST-5,EG,43512,C,161,DTX,0,0,Fire Department/Rescue, , , ,1,S,1,S,WILLOW RUN,42.24,-83.57,42.24,-83.57,106
257387,WASHTENAW (ZONE), ,09/07/2010,1800,Strong Wind,40.00, ,0,0,5000,0,MI,EST-5,MG,44305,Z,75,DTX,0,0,ASOS, , , , , , , , , , , , ,107
281927,WASHTENAW (ZONE), ,02/20/2011,1330,Heavy Snow, , ,0,0,0,0,MI,EST-5, ,48282,Z,75,DTX,0,0,Trained Spotter, , , , , , , , , , , , ,108
306995,WASHTENAW CO.,RAWSONVILLE,05/23/2011,1440,Thunderstorm Wind,50.00, ,0,0,0,0,MI,EST-5,EG,51656,C,161,DTX,0,0,Trained Spotter, , , ,1,NW,1,NW,RAWSONVILLE,42.23,-83.56,42.23,-83.56,109
307007,WASHTENAW CO.,ROWES CORNER,05/23/2011,1617,Thunderstorm Wind,50.00, ,0,0,0,0,MI,EST-5,EG,51656,C,161,DTX,0,0,Trained Spotter, , , ,2,WNW,2,WNW,ROWES CORNER,42.19,-84.06,42.19,-84.06,110
311623,WASHTENAW CO.,ROWES CORNER,05/23/2011,1627,Hail,0.75, ,0,0,0,0,MI,EST-5, ,51656,C,161,DTX,0,0,Trained Spotter, , , ,1,N,1,N,ROWES CORNER,42.19,-84.03,42.19,-84.03,111
310105,WASHTENAW CO.,YPSILANTI,05/23/2011,1658,Thunderstorm Wind,54.00, ,0,0,2000,0,MI,EST-5,EG,51656,C,161,DTX,0,0,Trained Spotter, , , ,1,S,1,S,YPSILANTI,42.22,-83.62,42.22,-83.62,112
311635,WASHTENAW CO.,LYNDON CENTER,05/25/2011,950,Flood, , ,0,0,100000,0,MI,EST-5, ,52244,C,161,DTX,0,0,Emergency Manager,Heavy Rain, , ,10,WNW,6,W,SHARON HOLLOW,42.4176,-84.2624,42.1677,-84.2239,113
325838,WASHTENAW CO.,YPSILANTI,06/22/2011,1620,Thunderstorm Wind,56.00, ,0,0,10000,0,MI,EST-5,EG,54279,C,161,DTX,0,0,Law Enforcement, , , ,1,N,1,N,YPSILANTI,42.24,-83.62,42.24,-83.62,114
328354,WASHTENAW CO.,SALINE,07/02/2011,1905,Hail,0.75, ,0,0,0,0,MI,EST-5, ,54676,C,161,DTX,0,0,Trained Spotter, , , ,1,SW,1,SW,SALINE,42.16,-83.78,42.16,-83.78,115
328355,WASHTENAW CO.,PITTSFIELD,07/02/2011,1908,Hail,1.00, ,0,0,0,0,MI,EST-5, ,54676,C,161,DTX,0,0,Trained Spotter, , , ,2,E,2,E,PITTSFIELD,42.2,-83.69,42.2,-83.69,116
328356,WASHTENAW CO.,RAWSONVILLE,07/02/2011,1916,Hail,2.00, ,0,0,0,0,MI,EST-5, ,54676,C,161,DTX,0,0,Trained Spotter, , , ,1,W,1,W,RAWSONVILLE,42.22,-83.56,42.22,-83.56,117
332071,WASHTENAW CO.,YPSILANTI MCENNAN FL,07/11/2011,1125,Thunderstorm Wind,50.00, ,0,0,0,0,MI,EST-5,EG,55297,C,161,DTX,0,0,Trained Spotter, , , ,1,SE,1,SE,YPSILANTI MCENNAN FL,42.19,-83.62,42.19,-83.62,118
332079,WASHTENAW CO.,ANN ARBOR,07/11/2011,1125,Thunderstorm Wind,62.00, ,0,0,0,0,MI,EST-5,MG,55297,C,161,DTX,0,0,ASOS, , , ,0,N,0,N,ANN ARBOR,42.28,-83.73,42.28,-83.73,119
332080,WASHTENAW CO.,WHITTAKER,07/11/2011,1132,Thunderstorm Wind,54.00, ,0,0,0,0,MI,EST-5,MG,55297,C,161,DTX,0,0,Amateur Radio, , , ,1,N,1,N,WHITTAKER,42.14,-83.6,42.14,-83.6,120
332679,WASHTENAW (ZONE), ,07/17/2011,1200,Excessive Heat, , ,0,0,0,0,MI,EST-5, ,55441,Z,75,DTX,0,0,Newspaper, , , , , , , , , , , , ,121
332104,WASHTENAW CO.,DEXTER,07/18/2011,1400,Thunderstorm Wind,50.00, ,0,0,0,0,MI,EST-5,EG,55301,C,161,DTX,0,0,Law Enforcement, , , ,1,W,1,W,DEXTER,42.33,-83.88,42.33,-83.88,122
332106,WASHTENAW CO.,WHITMORE LAKE,07/18/2011,1412,Thunderstorm Wind,52.00, ,0,0,0,0,MI,EST-5,EG,55301,C,161,DTX,0,0,Law Enforcement, , , ,2,SE,2,SE,WHITMORE LAKE,42.4,-83.73,42.4,-83.73,123
332110,WASHTENAW CO.,WHITMORE LAKE,07/18/2011,1425,Thunderstorm Wind,52.00, ,0,0,0,0,MI,EST-5,EG,55301,C,161,DTX,0,0,Trained Spotter, , , ,0,N,0,N,WHITMORE LAKE,42.42,-83.75,42.42,-83.75,124
332119,WASHTENAW CO.,CHELSEA,07/18/2011,1823,Thunderstorm Wind,52.00, ,0,0,5000,0,MI,EST-5,EG,55301,C,161,DTX,0,0,Law Enforcement, , , ,1,S,1,S,CHELSEA,42.31,-84.02,42.31,-84.02,125
336496,WASHTENAW CO.,(ARB)ANN ARBOR MUNI,07/28/2011,13,Flash Flood, , ,0,0,20000,0,MI,EST-5, ,56094,C,161,DTX,0,0,Emergency Manager,Heavy Rain, , ,0,N,0,N,DEXTER,42.22,-83.75,42.3323,-83.8696,126
341554,WASHTENAW CO.,SALINE,08/09/2011,1550,Hail,0.75, ,0,0,0,0,MI,EST-5, ,55434,C,161,DTX,0,0,Trained Spotter, , , ,2,ESE,2,ESE,SALINE,42.16,-83.74,42.16,-83.74,127
341555,WASHTENAW CO.,MILAN,08/09/2011,1608,Hail,1.00, ,0,0,0,0,MI,EST-5, ,55434,C,161,DTX,0,0,Trained Spotter, , , ,1,NNW,1,NNW,MILAN,42.1,-83.68,42.1,-83.68,128
341564,WASHTENAW CO.,SCIO,08/13/2011,1748,Thunderstorm Wind,52.00, ,0,0,0,0,MI,EST-5,EG,57011,C,161,DTX,0,0,Emergency Manager, , , ,3,SSE,3,SSE,SCIO,42.28,-83.81,42.28,-83.81,129
345095,WASHTENAW CO.,DIXBORO,08/24/2011,1924,Thunderstorm Wind,52.00, ,0,0,0,0,MI,EST-5,EG,57508,C,161,DTX,0,0,Law Enforcement, , , ,2,NNW,2,NNW,DIXBORO,42.35,-83.66,42.35,-83.66,130
345017,WASHTENAW CO.,(ARB)ANN ARBOR MUNI,08/24/2011,2000,Hail,0.75, ,0,0,0,0,MI,EST-5, ,57508,C,161,DTX,0,0,Law Enforcement, , , ,1,S,1,S,(ARB)ANN ARBOR MUNI,42.2,-83.75,42.2,-83.75,131
345014,WASHTENAW CO.,WILLIS DOWNWIND FLD,08/24/2011,2013,Hail,0.88, ,0,0,0,0,MI,EST-5, ,57508,C,161,DTX,0,0,Trained Spotter, , , ,1,NE,1,NE,WILLIS DOWNWIND FLD,42.16,-83.56,42.16,-83.56,132
345097,WASHTENAW CO.,WHITTAKER,08/24/2011,2049,Thunderstorm Wind,53.00, ,0,0,0,0,MI,EST-5,MG,57508,C,161,DTX,0,0,Trained Spotter, , , ,1,N,1,N,WHITTAKER,42.14,-83.6,42.14,-83.6,133
345099,WASHTENAW CO.,WHITTAKER,08/24/2011,2105,Thunderstorm Wind,56.00, ,0,0,0,0,MI,EST-5,MG,57508,C,161,DTX,0,0,Trained Spotter, , , ,1,N,1,N,WHITTAKER,42.14,-83.6,42.14,-83.6,134
347382,WASHTENAW CO.,ROWES CORNER,09/03/2011,1841,Thunderstorm Wind,56.00, ,0,0,3000,0,MI,EST-5,EG,54999,C,161,DTX,0,0,Law Enforcement, , , ,1,W,1,W,ROWES CORNER,42.18,-84.04,42.18,-84.04,135
347384,WASHTENAW CO.,DOVER,09/03/2011,1846,Thunderstorm Wind,52.00, ,0,0,0,0,MI,EST-5,EG,54999,C,161,DTX,0,0,Law Enforcement, , , ,2,SE,2,SE,DOVER,42.38,-83.87,42.38,-83.87,136
347383,WASHTENAW CO.,ANN ARBOR,09/03/2011,1850,Thunderstorm Wind,50.00, ,0,0,0,0,MI,EST-5,EG,54999,C,161,DTX,0,0,COOP Observer, , , ,1,W,1,W,ANN ARBOR,42.28,-83.75,42.28,-83.75,137
347386,WASHTENAW CO.,SCIO,09/03/2011,1902,Thunderstorm Wind,52.00, ,0,0,0,0,MI,EST-5,EG,54999,C,161,DTX,0,0,Amateur Radio, , , ,2,S,2,S,SCIO,42.29,-83.83,42.29,-83.83,138
347628,WASHTENAW (ZONE), ,10/15/2011,900,Strong Wind,39.00, ,0,0,2000,0,MI,EST-5,EG,57975,Z,75,DTX,0,0,Broadcast Media, , , , , , , , , , , , ,139
373558,WASHTENAW (ZONE), ,03/02/2012,2100,High Wind,50.00, ,0,0,15000,0,MI,EST-5,EG,62439,Z,75,DTX,0,0,Broadcast Media, , , , , , , , , , , , ,140
362955,WASHTENAW CO.,HUDSON MILLS,03/15/2012,1618,Tornado, ,EF3,0,0,12000000,0,MI,EST-5, ,60759,C,161,DTX,0,0,NWS Storm Survey, ,7.57,800,2,WNW,1,W,SCIO,42.3956,-83.9571,42.3177,-83.853,141
362988,WASHTENAW CO.,LIMA,03/15/2012,1619,Hail,1.00, ,0,0,0,0,MI,EST-5, ,60759,C,161,DTX,0,0,State Official, , , ,2,SSW,2,SSW,LIMA,42.27,-83.97,42.27,-83.97,142
371684,WASHTENAW CO.,HUDSON MILLS,03/15/2012,1620,Thunderstorm Wind,52.00, ,0,0,0,0,MI,EST-5,EG,60759,C,161,DTX,0,0,NWS Storm Survey, , , ,2,W,2,W,HUDSON MILLS,42.38,-83.96,42.38,-83.96,143
362989,WASHTENAW CO.,WHITMORE LAKE,03/15/2012,1630,Hail,1.00, ,0,0,0,0,MI,EST-5, ,60759,C,161,DTX,0,0,Trained Spotter, , , ,1,W,1,W,WHITMORE LAKE,42.42,-83.77,42.42,-83.77,144
362990,WASHTENAW CO.,DEXTER,03/15/2012,1640,Hail,1.75, ,0,0,0,0,MI,EST-5, ,60759,C,161,DTX,0,0,Trained Spotter, , , ,2,NE,2,NE,DEXTER,42.35,-83.85,42.35,-83.85,145
362991,WASHTENAW CO.,ANN ARBOR YOUNG ARPT,03/15/2012,1642,Hail,1.25, ,0,0,0,0,MI,EST-5, ,60759,C,161,DTX,0,0,Trained Spotter, , , ,2,ESE,2,ESE,ANN ARBOR YOUNG ARPT,42.29,-83.84,42.29,-83.84,146
362993,WASHTENAW CO.,CHELSEA,03/15/2012,1642,Hail,1.00, ,0,0,0,0,MI,EST-5, ,60759,C,161,DTX,0,0,Trained Spotter, , , ,1,SSW,1,SSW,CHELSEA,42.3,-84.03,42.3,-84.03,147
371685,WASHTENAW CO.,DEXTER,03/15/2012,1653,Hail,2.75, ,0,0,0,0,MI,EST-5, ,60759,C,161,DTX,0,0,Public, , , ,1,SW,1,SW,DEXTER,42.32,-83.88,42.32,-83.88,148
362994,WASHTENAW CO.,CHELSEA,03/15/2012,1655,Hail,1.00, ,0,0,0,0,MI,EST-5, ,60759,C,161,DTX,0,0,Trained Spotter, , , ,1,S,1,S,CHELSEA,42.31,-84.02,42.31,-84.02,149
362995,WASHTENAW CO.,DEXTER,03/15/2012,1655,Hail,1.50, ,0,0,0,0,MI,EST-5, ,60759,C,161,DTX,0,0,Trained Spotter, , , ,1,W,1,W,DEXTER,42.33,-83.88,42.33,-83.88,150
362997,WASHTENAW CO.,ANN ARBOR,03/15/2012,1710,Hail,0.75, ,0,0,0,0,MI,EST-5, ,60759,C,161,DTX,0,0,Trained Spotter, , , ,3,NE,3,NE,ANN ARBOR,42.31,-83.7,42.31,-83.7,151
362999,WASHTENAW CO.,ANN ARBOR,03/15/2012,1720,Hail,2.00, ,0,0,0,0,MI,EST-5, ,60759,C,161,DTX,0,0,Trained Spotter, , , ,2,S,2,S,ANN ARBOR,42.25,-83.73,42.25,-83.73,152
363001,WASHTENAW CO.,ANN ARBOR,03/15/2012,1720,Hail,1.00, ,0,0,0,0,MI,EST-5, ,60759,C,161,DTX,0,0,Trained Spotter, , , ,0,N,0,N,ANN ARBOR,42.28,-83.73,42.28,-83.73,153
363002,WASHTENAW CO.,ANN ARBOR,03/15/2012,1720,Hail,1.00, ,0,0,0,0,MI,EST-5, ,60759,C,161,DTX,0,0,COOP Observer, , , ,1,W,1,W,ANN ARBOR,42.28,-83.75,42.28,-83.75,154
363005,WASHTENAW CO.,GEDDES,03/15/2012,1725,Hail,0.88, ,0,0,0,0,MI,EST-5, ,60759,C,161,DTX,0,0,Trained Spotter, , , ,1,W,1,W,GEDDES,42.27,-83.68,42.27,-83.68,155
371726,WASHTENAW CO.,ANN ARBOR YOUNG ARPT,03/15/2012,1730,Flash Flood, , ,0,0,0,0,MI,EST-5, ,60759,C,161,DTX,0,0,Trained Spotter,Heavy Rain, , ,4,SSE,3,WSW,(ARB)ANN ARBOR MUNI,42.25,-83.84,42.21,-83.8,156
363007,WASHTENAW CO.,ANN ARBOR ARPT,03/15/2012,1730,Hail,1.00, ,0,0,0,0,MI,EST-5, ,60759,C,161,DTX,0,0,Trained Spotter, , , ,2,ENE,2,ENE,ANN ARBOR ARPT,42.23,-83.7,42.23,-83.7,157
371704,WASHTENAW CO.,ANN ARBOR ARPT,03/15/2012,1732,Hail,1.25, ,0,0,0,0,MI,EST-5, ,60759,C,161,DTX,0,0,Trained Spotter, , , ,3,ENE,3,ENE,ANN ARBOR ARPT,42.23,-83.68,42.23,-83.68,158
373526,WASHTENAW (ZONE), ,04/16/2012,1100,High Wind,50.00, ,0,0,15000,0,MI,EST-5,EG,62435,Z,75,DTX,0,0,Broadcast Media, , , , , , , , , , , , ,159
374798,WASHTENAW (ZONE), ,04/27/2012,500,Frost/Freeze, , ,0,0,0,1300000,MI,EST-5, ,62664,Z,75,DTX,0,0,Other Federal Agency, , , , , , , , , , , , ,160
379050,WASHTENAW CO.,MANCHESTER,05/03/2012,2146,Hail,0.75, ,0,0,0,0,MI,EST-5, ,62429,C,161,DTX,0,0,Trained Spotter, , , ,1,W,1,W,MANCHESTER,42.15,-84.04,42.15,-84.04,161
379262,WASHTENAW CO.,SYLVAN,05/03/2012,2152,Thunderstorm Wind,50.00, ,0,0,0,0,MI,EST-5,EG,62429,C,161,DTX,0,0,Trained Spotter, , , ,3,ESE,3,ESE,SYLVAN,42.26,-84.02,42.26,-84.02,162
379051,WASHTENAW CO.,ROWES CORNER,05/03/2012,2154,Hail,1.00, ,0,0,0,0,MI,EST-5, ,62429,C,161,DTX,0,0,Trained Spotter, , , ,1,NW,1,NW,ROWES CORNER,42.19,-84.04,42.19,-84.04,163
383424,WASHTENAW CO.,BENTON,05/28/2012,2155,Thunderstorm Wind,54.00, ,0,0,0,0,MI,EST-5,EG,64015,C,161,DTX,0,0,Broadcast Media, , , ,1,NW,1,NW,BENTON,42.13,-83.86,42.13,-83.86,164
390733,WASHTENAW CO.,HUDSON MILLS,06/21/2012,1524,Thunderstorm Wind,56.00, ,0,0,15000,0,MI,EST-5,EG,65208,C,161,DTX,0,0,Emergency Manager, , , ,3,WSW,3,WSW,HUDSON MILLS,42.36,-83.98,42.36,-83.98,165
390730,WASHTENAW CO.,HUDSON MILLS,06/21/2012,1530,Thunderstorm Wind,52.00, ,0,0,0,0,MI,EST-5,EG,65208,C,161,DTX,0,0,Trained Spotter, , , ,1,N,1,N,HUDSON MILLS,42.39,-83.92,42.39,-83.92,166
391014,WASHTENAW (ZONE), ,06/28/2012,1300,Heat, , ,0,0,0,0,MI,EST-5, ,65286,Z,75,DTX,0,0,ASOS, , , , , , , , , , , , ,167
404913,WASHTENAW (ZONE), ,07/01/2012,1200,Heat, , ,0,5,0,0,MI,EST-5, ,67389,Z,75,DTX,0,0,ASOS, , , , , , , , , , , , ,168
390881,WASHTENAW CO.,WILLIS DOWNWIND FLD,07/01/2012,1636,Thunderstorm Wind,54.00, ,0,0,0,0,MI,EST-5,EG,65245,C,161,DTX,0,0,Emergency Manager, , , ,1,NE,1,NE,WILLIS DOWNWIND FLD,42.16,-83.56,42.16,-83.56,169
401118,WASHTENAW CO.,SALEM ARPT,07/03/2012,1507,Hail,1.75, ,0,0,0,0,MI,EST-5, ,66858,C,161,DTX,0,0,Law Enforcement, , , ,3,WNW,3,WNW,SALEM ARPT,42.43,-83.65,42.43,-83.65,170
401131,WASHTENAW CO.,LYNDON CENTER,07/03/2012,1617,Thunderstorm Wind,52.00, ,0,0,0,0,MI,EST-5,EG,66858,C,161,DTX,0,0,Law Enforcement, , , ,2,NNW,2,NNW,LYNDON CENTER,42.41,-84.1,42.41,-84.1,171
401125,WASHTENAW CO.,YPSILANTI MCENNAN FL,07/03/2012,1710,Hail,1.00, ,0,0,0,0,MI,EST-5, ,66858,C,161,DTX,0,0,Public, , , ,1,NE,1,NE,YPSILANTI MCENNAN FL,42.21,-83.61,42.21,-83.61,172
404928,WASHTENAW CO.,ANN ARBOR ARPT,07/03/2012,1710,Thunderstorm Wind,52.00, ,0,0,0,0,MI,EST-5,EG,66858,C,161,DTX,0,0,Emergency Manager, , , ,2,ENE,2,ENE,ANN ARBOR ARPT,42.23,-83.69,42.23,-83.69,173
402824,WASHTENAW CO.,DEXTER,07/05/2012,336,Thunderstorm Wind,52.00, ,0,0,0,0,MI,EST-5,EG,67147,C,161,DTX,0,0,Trained Spotter, , , ,1,W,1,W,DEXTER,42.33,-83.88,42.33,-83.88,174
402826,WASHTENAW CO.,LIMA,07/05/2012,337,Thunderstorm Wind,54.00, ,0,0,2000,0,MI,EST-5,EG,67147,C,161,DTX,0,0,Emergency Manager, , , ,2,NNW,2,NNW,LIMA,42.33,-83.96,42.33,-83.96,175
402844,WASHTENAW CO.,DELHI MILLS,07/05/2012,338,Thunderstorm Wind,56.00, ,0,0,0,0,MI,EST-5,EG,67147,C,161,DTX,0,0,Emergency Manager, , , ,0,N,0,N,DELHI MILLS,42.33,-83.8,42.33,-83.8,176
418302,WASHTENAW (ZONE), ,12/26/2012,1200,Heavy Snow, , ,0,0,0,0,MI,EST-5, ,69729,Z,75,DTX,0,0,Trained Spotter, , , , , , , , , , , , ,177
423689,WASHTENAW (ZONE), ,01/19/2013,2300,High Wind,53.00, ,0,0,750000,0,MI,EST-5,MG,70552,Z,75,DTX,0,0,ASOS, , , , , , , , , , , , ,178
432499,WASHTENAW (ZONE), ,02/26/2013,1600,Winter Storm, , ,0,0,0,0,MI,EST-5, ,71811,Z,75,DTX,0,0,Trained Spotter, , , , , , , , , , , , ,179
442705,WASHTENAW CO.,ANN ARBOR,04/18/2013,1338,Thunderstorm Wind,52.00, ,0,0,5000,0,MI,EST-5,EG,73082,C,161,DTX,0,0,Trained Spotter, , , ,0,N,0,N,ANN ARBOR,42.28,-83.73,42.28,-83.73,180
456305,WASHTENAW CO.,WHITTAKER,05/22/2013,1614,Thunderstorm Wind,50.00, ,0,0,0,0,MI,EST-5,EG,75590,C,161,DTX,0,0,Emergency Manager, , , ,1,N,1,N,WHITTAKER,42.14,-83.6,42.14,-83.6,181
463375,WASHTENAW CO.,MILAN,06/27/2013,1523,Thunderstorm Wind,56.00, ,0,0,0,0,MI,EST-5,MG,76777,C,161,DTX,0,0,Trained Spotter, , , ,2,NNE,2,NNE,MILAN,42.11,-83.65,42.11,-83.65,182
463371,WASHTENAW CO.,PITTSFIELD,06/27/2013,1525,Hail,1.25, ,0,0,0,0,MI,EST-5, ,76777,C,161,DTX,0,0,Trained Spotter, , , ,2,ENE,2,ENE,PITTSFIELD,42.21,-83.68,42.21,-83.68,183
463383,WASHTENAW CO.,SCIO,06/27/2013,1545,Flash Flood, , ,0,0,0,0,MI,EST-5, ,76777,C,161,DTX,0,0,Emergency Manager,Heavy Rain, , ,1,SW,3,W,SALINE,42.3099,-83.8449,42.1758,-83.8312,184
463217,WASHTENAW CO.,WILLOW RUN,06/28/2013,1144,Thunderstorm Wind,52.00, ,0,0,5000,0,MI,EST-5,EG,76751,C,161,DTX,0,0,911 Call Center, , , ,1,NE,1,NE,WILLOW RUN,42.26,-83.56,42.26,-83.56,185
468851,WASHTENAW CO.,SALINE,07/10/2013,1252,Thunderstorm Wind,56.00, ,0,0,0,0,MI,EST-5,EG,77733,C,161,DTX,0,0,911 Call Center, , , ,3,SW,3,SW,SALINE,42.14,-83.8,42.14,-83.8,186
468848,WASHTENAW CO.,SALINE,07/10/2013,1300,Hail,0.75, ,0,0,0,0,MI,EST-5, ,77733,C,161,DTX,0,0,Trained Spotter, , , ,3,WNW,3,WNW,SALINE,42.19,-83.83,42.19,-83.83,187
468852,WASHTENAW CO.,RAWSONVILLE,07/10/2013,1314,Thunderstorm Wind,50.00, ,0,0,0,0,MI,EST-5,EG,77733,C,161,DTX,0,0,Trained Spotter, , , ,1,SSW,1,SSW,RAWSONVILLE,42.2,-83.56,42.2,-83.56,188
468849,WASHTENAW CO.,YPSILANTI,07/10/2013,1317,Hail,0.75, ,0,0,0,0,MI,EST-5, ,77733,C,161,DTX,0,0,Trained Spotter, , , ,0,N,0,N,YPSILANTI,42.23,-83.62,42.23,-83.62,189
470009,WASHTENAW (ZONE), ,07/14/2013,1200,Heat, , ,0,6,0,0,MI,EST-5, ,78009,Z,75,DTX,0,0,Official NWS Observations, , , , , , , , , , , , ,190
463440,WASHTENAW CO.,YORK,07/19/2013,2007,Thunderstorm Wind,50.00, ,0,0,0,0,MI,EST-5,EG,76781,C,161,DTX,0,0,Emergency Manager, , , ,2,NNW,2,NNW,YORK,42.13,-83.74,42.13,-83.74,191
463436,WASHTENAW CO.,BENTON,07/19/2013,2035,Thunderstorm Wind,50.00, ,0,0,0,0,MI,EST-5,EG,76781,C,161,DTX,0,0,911 Call Center, , , ,3,ESE,3,ESE,BENTON,42.11,-83.8,42.11,-83.8,192
468030,WASHTENAW CO.,WILLOW RUN,07/19/2013,2349,Thunderstorm Wind,50.00, ,0,0,0,0,MI,EST-5,EG,76781,C,161,DTX,0,0,Trained Spotter, , , ,1,E,1,E,WILLOW RUN,42.25,-83.56,42.25,-83.56,193
468029,WASHTENAW CO.,ANN ARBOR,07/19/2013,2349,Thunderstorm Wind,50.00, ,0,0,0,0,MI,EST-5,EG,76781,C,161,DTX,0,0,Trained Spotter, , , ,1,SSW,1,SSW,ANN ARBOR,42.2666,-83.7375,42.2666,-83.7375,194
467863,WASHTENAW CO.,WORDEN,07/19/2013,2350,Thunderstorm Wind,56.00, ,0,0,0,0,MI,EST-5,EG,76781,C,161,DTX,0,0,911 Call Center, , , ,4,W,4,W,WORDEN,42.37,-83.7,42.37,-83.7,195
468847,WASHTENAW CO.,SHARON HOLLOW,07/27/2013,1535,Hail,1.00, ,0,0,0,0,MI,EST-5, ,77732,C,161,DTX,0,0,Trained Spotter, , , ,1,NNW,1,NNW,SHARON HOLLOW,42.2,-84.11,42.2,-84.11,196
460573,WASHTENAW CO.,GUTHRIE,08/12/2013,700,Lightning, , ,0,0,25000,0,MI,EST-5, ,76380,C,161,DTX,0,0,Broadcast Media, , , ,0,N,0,N,GUTHRIE,42.3047,-84.0692,42.3047,-84.0692,197
473732,WASHTENAW CO.,LYNDON CENTER,08/12/2013,1730,Hail,1.00, ,0,0,0,0,MI,EST-5, ,78802,C,161,DTX,0,0,Public, , , ,3,ENE,3,ENE,LYNDON CENTER,42.39,-84.02,42.39,-84.02,198
473470,WASHTENAW CO.,LYNDON CENTER,08/12/2013,1746,Hail,0.88, ,0,0,0,0,MI,EST-5, ,78802,C,161,DTX,0,0,Trained Spotter, , , ,4,E,4,E,LYNDON CENTER,42.38,-84.01,42.38,-84.01,199
473472,WASHTENAW CO.,DEXTER,08/12/2013,1806,Hail,1.00, ,0,0,0,0,MI,EST-5, ,78802,C,161,DTX,0,0,Trained Spotter, , , ,0,N,0,N,DEXTER,42.33,-83.87,42.33,-83.87,200
473473,WASHTENAW CO.,LYNDON CENTER,08/12/2013,1806,Hail,1.50, ,0,0,0,0,MI,EST-5, ,78802,C,161,DTX,0,0,Trained Spotter, , , ,2,E,2,E,LYNDON CENTER,42.38,-84.04,42.38,-84.04,201
476280,WASHTENAW CO.,WHITTAKER,10/06/2013,1620,Thunderstorm Wind,52.00, ,0,0,3000,0,MI,EST-5,EG,79403,C,161,DTX,0,0,Trained Spotter, , , ,2,SE,2,SE,WHITTAKER,42.11,-83.57,42.11,-83.57,202
484806,WASHTENAW (ZONE), ,11/17/2013,1600,High Wind,61.00, ,0,0,2000000,0,MI,EST-5,MG,80678,Z,75,DTX,0,0,ASOS, , , , , , , , , , , , ,203
484845,WASHTENAW CO.,WHITMORE LAKE,11/17/2013,1725,Thunderstorm Wind,50.00, ,0,0,0,0,MI,EST-5,EG,80678,C,161,DTX,0,0,Amateur Radio, , , ,1,S,1,S,WHITMORE LAKE,42.4,-83.75,42.4,-83.75,204
484846,WASHTENAW CO.,WILLOW RUN,11/17/2013,1730,Thunderstorm Wind,50.00, ,0,0,0,0,MI,EST-5,EG,80678,C,161,DTX,0,0,Trained Spotter, , , ,2,NNW,2,NNW,WILLOW RUN,42.28,-83.59,42.28,-83.59,205
490799,WASHTENAW (ZONE), ,01/05/2014,0,Heavy Snow, , ,0,0,0,0,MI,EST-5, ,81755,Z,75,DTX,0,0,Trained Spotter, , , , , , , , , , , , ,206
490927,WASHTENAW (ZONE), ,01/06/2014,1500,Cold/Wind Chill, , ,0,0,0,0,MI,EST-5, ,81771,Z,75,DTX,0,0,ASOS, , , , , , , , , , , , ,207
491966,WASHTENAW (ZONE), ,01/28/2014,0,Cold/Wind Chill, , ,0,0,0,0,MI,EST-5, ,81906,Z,75,DTX,0,0,Trained Spotter, , , , , , , , , , , , ,208
501844,WASHTENAW (ZONE), ,03/12/2014,0,Winter Storm, , ,0,0,0,0,MI,EST-5, ,83178,Z,75,DTX,0,0,Trained Spotter, , , , , , , , , , , , ,209
508898,WASHTENAW (ZONE), ,04/14/2014,600,High Wind,53.00, ,0,0,50000,0,MI,EST-5,EG,84283,Z,75,DTX,0,0,ASOS, , , , , , , , , , , , ,210
509898,WASHTENAW CO.,DOVER,04/29/2014,2000,Thunderstorm Wind,50.00, ,0,0,0,0,MI,EST-5,EG,84457,C,161,DTX,0,0,Trained Spotter, , , ,2,SE,2,SE,DOVER,42.38,-83.87,42.38,-83.87,211
509899,WASHTENAW CO.,HUDSON MILLS,04/29/2014,2000,Thunderstorm Wind,52.00, ,0,0,5000,0,MI,EST-5,EG,84457,C,161,DTX,0,0,Trained Spotter, , , ,1,N,1,N,HUDSON MILLS,42.39,-83.92,42.39,-83.92,212
513858,WASHTENAW CO.,ANN ARBOR,05/09/2014,1137,Thunderstorm Wind,52.00, ,0,0,0,0,MI,EST-5,EG,85093,C,161,DTX,0,0,Trained Spotter, , , ,2,SW,2,SW,ANN ARBOR,42.26,-83.75,42.26,-83.75,213
513748,WASHTENAW CO.,YPSILANTI,05/12/2014,1542,Hail,0.75, ,0,0,0,0,MI,EST-5, ,85074,C,161,DTX,0,0,Trained Spotter, , , ,1,N,1,N,YPSILANTI,42.24,-83.62,42.24,-83.62,214
513786,WASHTENAW CO.,ANN ARBOR,05/13/2014,1354,Thunderstorm Wind,65.00, ,0,0,100000,0,MI,EST-5,EG,84857,C,161,DTX,0,0,Law Enforcement, , , ,2,W,2,W,ANN ARBOR,42.28,-83.77,42.28,-83.77,215
513762,WASHTENAW CO.,(ARB)ANN ARBOR MUNI,05/13/2014,1355,Thunderstorm Wind,50.00, ,0,0,0,0,MI,EST-5,EG,84857,C,161,DTX,0,0,Trained Spotter, , , ,1,NW,1,NW,(ARB)ANN ARBOR MUNI,42.23,-83.76,42.23,-83.76,216
513789,WASHTENAW CO.,ANN ARBOR,05/13/2014,1358,Thunderstorm Wind,52.00, ,0,0,5000,0,MI,EST-5,EG,84857,C,161,DTX,0,0,Public, , , ,1,SW,1,SW,ANN ARBOR,42.27,-83.75,42.27,-83.75,217
513794,WASHTENAW CO.,DIXBORO,05/13/2014,1402,Thunderstorm Wind,56.00, ,0,0,5000,0,MI,EST-5,EG,84857,C,161,DTX,0,0,Emergency Manager, , , ,1,E,1,E,DIXBORO,42.32,-83.63,42.32,-83.63,218
513767,WASHTENAW CO.,GEDDES,05/13/2014,1411,Thunderstorm Wind,56.00, ,0,0,0,0,MI,EST-5,EG,84857,C,161,DTX,0,0,Trained Spotter, , , ,1,SE,1,SE,GEDDES,42.26,-83.66,42.26,-83.66,219
521547,WASHTENAW CO.,(ARB)ANN ARBOR MUNI,06/18/2014,1510,Thunderstorm Wind,52.00, ,0,0,0,0,MI,EST-5,EG,86457,C,161,DTX,0,0,Trained Spotter, , , ,2,WNW,2,WNW,(ARB)ANN ARBOR MUNI,42.23,-83.78,42.23,-83.78,220
521582,WASHTENAW CO.,GEDDES,06/18/2014,1530,Lightning, , ,1,0,0,0,MI,EST-5, ,86457,C,161,DTX,0,0,Newspaper, , , ,3,S,3,S,GEDDES,42.2304,-83.6743,42.2304,-83.6743,221
527187,WASHTENAW CO.,SYLVAN,07/01/2014,145,Thunderstorm Wind,50.00, ,0,0,0,0,MI,EST-5,EG,86898,C,161,DTX,0,0,Public, , , ,2,E,2,E,SYLVAN,42.28,-84.03,42.28,-84.03,222
527243,WASHTENAW CO.,CHELSEA,07/01/2014,145,Thunderstorm Wind,56.00, ,0,0,0,0,MI,EST-5,EG,86898,C,161,DTX,0,0,Emergency Manager, , , ,2,S,2,S,CHELSEA,42.29,-84.02,42.29,-84.02,223
527189,WASHTENAW CO.,LIMA,07/01/2014,150,Thunderstorm Wind,52.00, ,0,0,5000,0,MI,EST-5,EG,86898,C,161,DTX,0,0,Broadcast Media, , , ,1,SW,1,SW,LIMA,42.29,-83.96,42.29,-83.96,224
527261,WASHTENAW CO.,ANN ARBOR ARPT,07/01/2014,210,Thunderstorm Wind,52.00, ,0,0,0,0,MI,EST-5,EG,86898,C,161,DTX,0,0,Trained Spotter, , , ,1,NNE,1,NNE,ANN ARBOR ARPT,42.24,-83.72,42.24,-83.72,225
527232,WASHTENAW CO.,GEDDES,07/01/2014,211,Thunderstorm Wind,52.00, ,0,0,0,0,MI,EST-5,EG,86898,C,161,DTX,0,0,Trained Spotter, , , ,2,SSE,2,SSE,GEDDES,42.24,-83.66,42.24,-83.66,226
527220,WASHTENAW CO.,YPSILANTI,07/01/2014,214,Thunderstorm Wind,50.00, ,0,0,0,0,MI,EST-5,EG,86898,C,161,DTX,0,0,Trained Spotter, , , ,2,WSW,2,WSW,YPSILANTI,42.22,-83.65,42.22,-83.65,227
527244,WASHTENAW CO.,YPSILANTI,07/01/2014,214,Thunderstorm Wind,52.00, ,0,0,0,0,MI,EST-5,EG,86898,C,161,DTX,0,0,Trained Spotter, , , ,1,N,1,N,YPSILANTI,42.24,-83.62,42.24,-83.62,228
534259,WASHTENAW CO.,GUTHRIE,07/27/2014,1535,Thunderstorm Wind,56.00, ,0,0,15000,0,MI,EST-5,EG,88605,C,161,DTX,0,0,Amateur Radio, , , ,3,NW,3,NW,GUTHRIE,42.33,-84.1,42.33,-84.1,229
534255,WASHTENAW CO.,MANCHESTER,07/27/2014,1721,Hail,1.00, ,0,0,0,0,MI,EST-5, ,88605,C,161,DTX,0,0,Trained Spotter, , , ,1,W,1,W,MANCHESTER,42.15,-84.04,42.15,-84.04,230
534254,WASHTENAW CO.,ANN ARBOR,07/27/2014,1721,Hail,1.00, ,0,0,0,0,MI,EST-5, ,88605,C,161,DTX,0,0,Trained Spotter, , , ,2,SE,2,SE,ANN ARBOR,42.26,-83.71,42.26,-83.71,231
534256,WASHTENAW CO.,LYNDON CENTER,07/27/2014,1730,Hail,0.88, ,0,0,0,0,MI,EST-5, ,88605,C,161,DTX,0,0,Trained Spotter, , , ,3,SW,3,SW,LYNDON CENTER,42.35,-84.12,42.35,-84.12,232
534301,WASHTENAW CO.,LYNDON CENTER,07/27/2014,1730,Thunderstorm Wind,50.00, ,0,0,0,0,MI,EST-5,EG,88605,C,161,DTX,0,0,Trained Spotter, , , ,3,SW,3,SW,LYNDON CENTER,42.35,-84.12,42.35,-84.12,233
534283,WASHTENAW CO.,GUTHRIE,07/27/2014,1730,Thunderstorm Wind,50.00, ,0,0,0,0,MI,EST-5,EG,88605,C,161,DTX,0,0,Trained Spotter, , , ,1,NW,1,NW,GUTHRIE,42.31,-84.09,42.31,-84.09,234
534280,WASHTENAW CO.,CHELSEA,07/27/2014,1746,Thunderstorm Wind,52.00, ,0,0,20000,0,MI,EST-5,EG,88605,C,161,DTX,0,0,Trained Spotter, , , ,1,S,1,S,CHELSEA,42.31,-84.02,42.31,-84.02,235
534282,WASHTENAW CO.,DIXBORO,07/27/2014,1751,Thunderstorm Wind,52.00, ,0,0,0,0,MI,EST-5,EG,88605,C,161,DTX,0,0,Trained Spotter, , , ,2,WSW,2,WSW,DIXBORO,42.31,-83.69,42.31,-83.69,236
534299,WASHTENAW CO.,ANN ARBOR,07/27/2014,1751,Thunderstorm Wind,50.00, ,0,0,0,0,MI,EST-5,EG,88605,C,161,DTX,0,0,Trained Spotter, , , ,2,NE,2,NE,ANN ARBOR,42.3,-83.7,42.3,-83.7,237
534285,WASHTENAW CO.,WHITMORE LAKE,07/27/2014,1804,Thunderstorm Wind,56.00, ,0,0,0,0,MI,EST-5,EG,88605,C,161,DTX,0,0,Law Enforcement, , , ,3,SSE,3,SSE,WHITMORE LAKE,42.38,-83.72,42.38,-83.72,238
538918,WASHTENAW CO.,CHELSEA,08/04/2014,1456,Hail,0.75, ,0,0,0,0,MI,EST-5, ,89490,C,161,DTX,0,0,Trained Spotter, , , ,3,N,3,N,CHELSEA,42.36,-84.02,42.36,-84.02,239
539506,WASHTENAW CO.,ANN ARBOR,08/26/2014,1520,Thunderstorm Wind,52.00, ,0,0,0,0,MI,EST-5,EG,89598,C,161,DTX,0,0,Trained Spotter, , , ,0,N,0,N,ANN ARBOR,42.28,-83.73,42.28,-83.73,240
539885,WASHTENAW CO.,LYNDON CENTER,09/05/2014,1815,Thunderstorm Wind,54.00, ,0,0,0,0,MI,EST-5,EG,89679,C,161,DTX,0,0,Trained Spotter, , , ,3,ESE,3,ESE,LYNDON CENTER,42.37,-84.02,42.37,-84.02,241
539862,WASHTENAW CO.,SHARON HOLLOW,09/05/2014,1820,Thunderstorm Wind,54.00, ,0,0,0,0,MI,EST-5,MG,89679,C,161,DTX,0,0,Trained Spotter, , , ,2,SSE,2,SSE,SHARON HOLLOW,42.15,-84.09,42.15,-84.09,242
539901,WASHTENAW CO.,DOVER,09/05/2014,1827,Thunderstorm Wind,52.00, ,0,0,0,0,MI,EST-5,EG,89679,C,161,DTX,0,0,Trained Spotter, , , ,3,ESE,3,ESE,DOVER,42.39,-83.84,42.39,-83.84,243
539865,WASHTENAW CO.,SALINE,09/05/2014,1832,Thunderstorm Wind,56.00, ,0,0,0,0,MI,EST-5,EG,89679,C,161,DTX,0,0,Emergency Manager, , , ,1,NW,1,NW,SALINE,42.18,-83.78,42.18,-83.78,244
539869,WASHTENAW CO.,DEXTER,09/05/2014,1834,Thunderstorm Wind,52.00, ,0,0,0,0,MI,EST-5,EG,89679,C,161,DTX,0,0,Emergency Manager, , , ,2,W,2,W,DEXTER,42.33,-83.9,42.33,-83.9,245
539842,WASHTENAW CO.,SALINE,09/05/2014,1838,Hail,0.88, ,0,0,0,0,MI,EST-5, ,89679,C,161,DTX,0,0,Trained Spotter, , , ,1,NW,1,NW,SALINE,42.18,-83.78,42.18,-83.78,246
539899,WASHTENAW CO.,SALINE,09/05/2014,1839,Thunderstorm Wind,50.00, ,0,0,0,0,MI,EST-5,EG,89679,C,161,DTX,0,0,Trained Spotter, , , ,2,E,2,E,SALINE,42.17,-83.74,42.17,-83.74,247
539891,WASHTENAW CO.,SALINE,09/05/2014,1839,Thunderstorm Wind,56.00, ,0,0,1000,0,MI,EST-5,EG,89679,C,161,DTX,0,0,Trained Spotter, , , ,2,WSW,2,WSW,SALINE,42.16,-83.8,42.16,-83.8,248
539872,WASHTENAW CO.,WHITTAKER,09/05/2014,1844,Thunderstorm Wind,64.00, ,0,0,0,0,MI,EST-5,MG,89679,C,161,DTX,0,0,Trained Spotter, , , ,1,N,1,N,WHITTAKER,42.14,-83.6,42.14,-83.6,249
539843,WASHTENAW CO.,YPSILANTI MCENNAN FL,09/05/2014,1847,Hail,0.75, ,0,0,0,0,MI,EST-5, ,89679,C,161,DTX,0,0,Trained Spotter, , , ,1,SE,1,SE,YPSILANTI MCENNAN FL,42.19,-83.62,42.19,-83.62,250
539878,WASHTENAW CO.,RAWSONVILLE,09/05/2014,1847,Thunderstorm Wind,61.00, ,0,0,0,0,MI,EST-5,EG,89679,C,161,DTX,0,0,Trained Spotter, , , ,1,SSW,1,SSW,RAWSONVILLE,42.2,-83.56,42.2,-83.56,251
539875,WASHTENAW CO.,YPSILANTI MCENNAN FL,09/05/2014,1849,Thunderstorm Wind,52.00, ,0,0,0,0,MI,EST-5,EG,89679,C,161,DTX,0,0,Trained Spotter, , , ,1,SE,1,SE,YPSILANTI MCENNAN FL,42.19,-83.61,42.19,-83.61,252
546583,WASHTENAW (ZONE), ,11/24/2014,1100,High Wind,52.00, ,0,0,50000,0,MI,EST-5,EG,91200,Z,75,DTX,0,0,Trained Spotter, , , , , , , , , , , , ,253
558152,WASHTENAW (ZONE), ,02/01/2015,100,Heavy Snow, , ,0,0,0,0,MI,EST-5, ,91975,Z,75,DTX,0,0,Trained Spotter, , , , , , , , , , , , ,254
562049,WASHTENAW (ZONE), ,02/14/2015,2100,Extreme Cold/Wind Chill, , ,0,0,0,0,MI,EST-5, ,93458,Z,75,DTX,0,0,ASOS, , , , , , , , , , , , ,255
580720,WASHTENAW CO.,LYNDON CENTER,05/27/2015,1332,Hail,0.75, ,0,0,0,0,MI,EST-5, ,96126,C,161,DTX,0,0,SHAVE Project, , , ,1,N,1,N,LYNDON CENTER,42.4,-84.08,42.4,-84.08,256
580721,WASHTENAW CO.,LYNDON CENTER,05/27/2015,1334,Hail,1.50, ,0,0,0,0,MI,EST-5, ,96126,C,161,DTX,0,0,SHAVE Project, , , ,3,NE,3,NE,LYNDON CENTER,42.41,-84.05,42.41,-84.05,257
580726,WASHTENAW CO.,LYNDON CENTER,05/27/2015,1334,Hail,1.75, ,0,0,0,0,MI,EST-5, ,96126,C,161,DTX,0,0,SHAVE Project, , , ,2,NNE,2,NNE,LYNDON CENTER,42.41,-84.06,42.41,-84.06,258
580723,WASHTENAW CO.,LYNDON CENTER,05/27/2015,1343,Hail,0.75, ,0,0,0,0,MI,EST-5, ,96126,C,161,DTX,0,0,SHAVE Project, , , ,2,NE,2,NE,LYNDON CENTER,42.4,-84.04,42.4,-84.04,259
580728,WASHTENAW CO.,LYNDON CENTER,05/27/2015,1345,Hail,1.00, ,0,0,0,0,MI,EST-5, ,96126,C,161,DTX,0,0,SHAVE Project, , , ,4,NE,4,NE,LYNDON CENTER,42.42,-84.02,42.42,-84.02,260
580731,WASHTENAW CO.,LYNDON CENTER,05/27/2015,1346,Hail,1.00, ,0,0,0,0,MI,EST-5, ,96126,C,161,DTX,0,0,SHAVE Project, , , ,4,NE,4,NE,LYNDON CENTER,42.42,-84.02,42.42,-84.02,261
580730,WASHTENAW CO.,LYNDON CENTER,05/27/2015,1346,Hail,1.00, ,0,0,0,0,MI,EST-5, ,96126,C,161,DTX,0,0,SHAVE Project, , , ,4,ENE,4,ENE,LYNDON CENTER,42.41,-84.01,42.41,-84.01,262
580732,WASHTENAW CO.,LYNDON CENTER,05/27/2015,1350,Hail,1.25, ,0,0,0,0,MI,EST-5, ,96126,C,161,DTX,0,0,SHAVE Project, , , ,5,NE,5,NE,LYNDON CENTER,42.44,-84.02,42.44,-84.02,263
580702,WASHTENAW CO.,LYNDON CENTER,05/27/2015,1350,Hail,1.00, ,0,0,0,0,MI,EST-5, ,96126,C,161,DTX,0,0,Trained Spotter, , , ,2,E,2,E,LYNDON CENTER,42.38,-84.04,42.38,-84.04,264
580703,WASHTENAW CO.,LYNDON CENTER,05/27/2015,1352,Hail,1.25, ,0,0,0,0,MI,EST-5, ,96126,C,161,DTX,0,0,Trained Spotter, , , ,5,NE,5,NE,LYNDON CENTER,42.42,-84.01,42.42,-84.01,265
580704,WASHTENAW CO.,HUDSON MILLS,05/27/2015,1355,Hail,2.00, ,0,0,0,0,MI,EST-5, ,96126,C,161,DTX,0,0,Public, , , ,3,NW,3,NW,HUDSON MILLS,42.41,-83.95,42.41,-83.95,266
580705,WASHTENAW CO.,HUDSON MILLS,05/27/2015,1355,Hail,1.50, ,0,0,0,0,MI,EST-5, ,96126,C,161,DTX,0,0,Public, , , ,5,NW,5,NW,HUDSON MILLS,42.42,-83.99,42.42,-83.99,267
580707,WASHTENAW CO.,DOVER,05/27/2015,1400,Hail,1.00, ,0,0,0,0,MI,EST-5, ,96126,C,161,DTX,0,0,Public, , , ,2,NW,2,NW,DOVER,42.42,-83.92,42.42,-83.92,268
580759,WASHTENAW CO.,DOVER,05/27/2015,1405,Hail,1.75, ,0,0,0,0,MI,EST-5, ,96126,C,161,DTX,0,0,SHAVE Project, , , ,3,N,3,N,DOVER,42.44,-83.89,42.44,-83.89,269
591529,WASHTENAW CO.,DELHI MILLS,06/14/2015,1323,Flash Flood, , ,0,0,0,0,MI,EST-5, ,97590,C,161,DTX,0,0,Emergency Manager,Heavy Rain, , ,0,W,2,WNW,SALINE,42.3292,-83.8065,42.1778,-83.7996,270
588848,WASHTENAW CO.,GUTHRIE,06/22/2015,1450,Thunderstorm Wind,56.00, ,0,0,0,0,MI,EST-5,EG,95337,C,161,DTX,0,0,Law Enforcement, , , ,2,NW,2,NW,GUTHRIE,42.32,-84.1,42.32,-84.1,271
588849,WASHTENAW CO.,HUDSON MILLS,06/22/2015,1455,Thunderstorm Wind,52.00, ,0,0,0,0,MI,EST-5,EG,95337,C,161,DTX,0,0,Amateur Radio, , , ,3,WSW,3,WSW,HUDSON MILLS,42.37,-83.98,42.37,-83.98,272
591530,WASHTENAW CO.,DOVER,06/22/2015,2343,Thunderstorm Wind,56.00, ,0,0,0,0,MI,EST-5,EG,95337,C,161,DTX,0,0,Trained Spotter, , , ,3,ENE,3,ENE,DOVER,42.42,-83.84,42.42,-83.84,273
588851,WASHTENAW CO.,HUDSON MILLS,06/22/2015,2353,Thunderstorm Wind,52.00, ,0,0,0,0,MI,EST-5,EG,95337,C,161,DTX,0,0,911 Call Center, , , ,3,WNW,3,WNW,HUDSON MILLS,42.39,-83.98,42.39,-83.98,274
573550,WASHTENAW CO.,ROWES CORNER,06/23/2015,31,Tornado, ,EF1,0,0,300000,0,MI,EST-5, ,95337,C,161,DTX,0,0,NWS Storm Survey, ,4.33,100,1,NNW,3,WNW,BRIDGEWATER,42.1883,-84.0323,42.1883,-83.9477,275
588852,WASHTENAW CO.,PITTSFIELD,06/23/2015,41,Thunderstorm Wind,56.00, ,0,0,0,0,MI,EST-5,EG,95337,C,161,DTX,0,0,Trained Spotter, , , ,1,E,1,E,PITTSFIELD,42.2,-83.7,42.2,-83.7,276
588857,WASHTENAW CO.,SALINE,06/23/2015,41,Thunderstorm Wind,50.00, ,0,0,0,0,MI,EST-5,EG,95337,C,161,DTX,0,0,Trained Spotter, , , ,1,SE,1,SE,SALINE,42.16,-83.75,42.16,-83.75,277
588858,WASHTENAW CO.,ANN ARBOR,06/23/2015,45,Thunderstorm Wind,56.00, ,0,0,0,0,MI,EST-5,EG,95337,C,161,DTX,0,0,Trained Spotter, , , ,2,NNW,2,NNW,ANN ARBOR,42.3067,-83.745,42.3067,-83.745,278
597999,WASHTENAW CO.,DEXTER,08/02/2015,2222,Thunderstorm Wind,50.00, ,0,0,0,0,MI,EST-5,EG,99698,C,161,DTX,0,0,Amateur Radio, , , ,1,W,1,W,DEXTER,42.33,-83.88,42.33,-83.88,279
601650,WASHTENAW CO.,YORK,09/02/2015,812,Thunderstorm Wind,50.00, ,0,0,0,0,MI,EST-5,EG,100470,C,161,DTX,0,0,Law Enforcement, , , ,2,NNW,2,NNW,YORK,42.13,-83.74,42.13,-83.74,280
601664,WASHTENAW CO.,DELHI MILLS,09/03/2015,1705,Thunderstorm Wind,50.00, ,0,0,30000,0,MI,EST-5,EG,100473,C,161,DTX,0,0,Emergency Manager, , , ,3,N,3,N,DELHI MILLS,42.38,-83.81,42.38,-83.81,281
606714,WASHTENAW (ZONE), ,11/21/2015,600,Heavy Snow, , ,0,0,0,0,MI,EST-5, ,101409,Z,75,DTX,0,0,Trained Spotter, , , , , , , , , , , , ,282
619845,WASHTENAW (ZONE), ,02/19/2016,1400,High Wind,52.00, ,0,0,4000000,0,MI,EST-5,EG,103694,Z,75,DTX,0,0,Trained Spotter, , , , , , , , , , , , ,283
619820,WASHTENAW (ZONE), ,02/24/2016,800,Heavy Snow, , ,0,0,0,0,MI,EST-5, ,103691,Z,75,DTX,0,0,Trained Spotter, , , , , , , , , , , , ,284
643861,WASHTENAW CO.,WILLIS DOWNWIND FLD,06/16/2016,315,Hail,1.00, ,0,0,0,0,MI,EST-5, ,107389,C,161,DTX,0,0,Public, , , ,1,NE,1,NE,WILLIS DOWNWIND FLD,42.16,-83.56,42.16,-83.56,285
643862,WASHTENAW CO.,EASTLAWN,06/16/2016,317,Hail,0.75, ,0,0,0,0,MI,EST-5, ,107389,C,161,DTX,0,0,Public, , , ,1,SW,1,SW,EASTLAWN,42.22,-83.6,42.22,-83.6,286
643863,WASHTENAW CO.,MILAN,06/16/2016,322,Hail,0.75, ,0,0,0,0,MI,EST-5, ,107389,C,161,DTX,0,0,Trained Spotter, , , ,1,NW,1,NW,MILAN,42.09,-83.68,42.09,-83.68,287
643864,WASHTENAW CO.,STONY CREEK,06/16/2016,322,Hail,0.88, ,0,0,0,0,MI,EST-5, ,107389,C,161,DTX,0,0,Trained Spotter, , , ,3,WNW,3,WNW,STONY CREEK,42.17,-83.68,42.17,-83.68,288
650552,WASHTENAW CO.,SALEM,07/08/2016,1800,Thunderstorm Wind,50.00, ,0,0,0,0,MI,EST-5,EG,108605,C,161,DTX,0,0,Law Enforcement, , , ,1,NW,1,NW,SALEM,42.41,-83.58,42.41,-83.58,289
650543,WASHTENAW CO.,MANCHESTER,07/08/2016,1807,Hail,0.75, ,0,0,0,0,MI,EST-5, ,108605,C,161,DTX,0,0,Trained Spotter, , , ,1,W,1,W,MANCHESTER,42.15,-84.04,42.15,-84.04,290
650588,WASHTENAW CO.,LYNDON CENTER,07/12/2016,1930,Thunderstorm Wind,52.00, ,0,0,0,0,MI,EST-5,EG,108610,C,161,DTX,0,0,911 Call Center, , , ,3,NNE,3,NNE,LYNDON CENTER,42.42,-84.05,42.42,-84.05,291
650589,WASHTENAW CO.,ANN ARBOR YOUNG ARPT,07/12/2016,2003,Thunderstorm Wind,50.00, ,0,0,0,0,MI,EST-5,EG,108610,C,161,DTX,0,0,Law Enforcement, , , ,0,N,0,N,ANN ARBOR YOUNG ARPT,42.3,-83.87,42.3,-83.87,292
650641,WASHTENAW CO.,GEDDES,07/30/2016,1100,Flash Flood, , ,0,0,40000,0,MI,EST-5, ,108632,C,161,DTX,0,0,Emergency Manager,Heavy Rain, , ,1,SW,3,W,STONY CREEK,42.2632,-83.6774,42.1431,-83.6952,293
659001,WASHTENAW CO.,HUDSON MILLS,09/07/2016,1507,Thunderstorm Wind,52.00, ,0,0,4000,0,MI,EST-5,EG,110310,C,161,DTX,0,0,Emergency Manager, , , ,1,NW,1,NW,HUDSON MILLS,42.39,-83.94,42.39,-83.94,294
659002,WASHTENAW CO.,DOVER,09/07/2016,1510,Thunderstorm Wind,52.00, ,0,0,0,0,MI,EST-5,EG,110310,C,161,DTX,0,0,Emergency Manager, , , ,2,SE,2,SE,DOVER,42.38,-83.88,42.38,-83.88,295
664574,WASHTENAW CO.,LYNDON CENTER,11/18/2016,1930,Thunderstorm Wind,56.00, ,0,0,15000,0,MI,EST-5,EG,111385,C,161,DTX,0,0,Emergency Manager, , , ,3,ESE,3,ESE,LYNDON CENTER,42.37,-84.02,42.37,-84.02,296
667324,WASHTENAW (ZONE), ,12/11/2016,200,Heavy Snow, , ,0,0,0,0,MI,EST-5, ,111897,Z,75,DTX,0,0,Trained Spotter, , , , , , , , , , , , ,297
681090,WASHTENAW CO.,GEDDES,02/24/2017,1515,Hail,0.75, ,0,0,0,0,MI,EST-5, ,113757,C,161,DTX,0,0,Trained Spotter, , , ,1,SE,1,SE,GEDDES,42.26,-83.65,42.26,-83.65,298
681092,WASHTENAW CO.,PITTSFIELD,02/24/2017,1516,Hail,0.75, ,0,0,0,0,MI,EST-5, ,113757,C,161,DTX,0,0,Trained Spotter, , , ,1,E,1,E,PITTSFIELD,42.2,-83.7,42.2,-83.7,299
682023,WASHTENAW CO.,WHITTAKER,03/01/2017,0,Hail,1.00, ,0,0,0,0,MI,EST-5, ,113883,C,161,DTX,0,0,Trained Spotter, , , ,1,N,1,N,WHITTAKER,42.14,-83.6,42.14,-83.6,300
674191,WASHTENAW (ZONE), ,03/08/2017,1000,High Wind,56.00, ,0,0,25000000,0,MI,EST-5,EG,112835,Z,75,DTX,0,0,Trained Spotter, , , , , , , , , , , , ,301
693170,WASHTENAW CO.,SHARON HOLLOW,04/26/2017,2120,Hail,0.75, ,0,0,0,0,MI,EST-5, ,115437,C,161,DTX,0,0,Public, , , ,2,SSE,2,SSE,SHARON HOLLOW,42.15,-84.09,42.15,-84.09,302
711938,WASHTENAW CO.,SCIO,07/07/2017,1840,Hail,1.00, ,0,0,0,0,MI,EST-5, ,118487,C,161,DTX,0,0,Trained Spotter, , , ,1,SW,1,SW,SCIO,42.31,-83.84,42.31,-83.84,303
711939,WASHTENAW CO.,ANN ARBOR,07/07/2017,1841,Hail,0.75, ,0,0,0,0,MI,EST-5, ,118487,C,161,DTX,0,0,Emergency Manager, , , ,0,N,0,N,ANN ARBOR,42.28,-83.73,42.28,-83.73,304
